,antecedents,consequents
0,212793,"[1733907, 474516]"
1,451878,"[1529157, 1765806]"
2,464835,"[1784328, 1789242]"
3,475671,"[487242, 463155]"
4,477897,"[1012074, 472563]"
5,1775256,"[478401, 463722]"
6,1786029,"[446985, 1732122]"
7,212835,"[1528779, 1732164]"
8,445851,"[454083, 468804]"
9,467187,"[465696, 1774689]"
10,473319,"[1894200, 474054]"
11,490728,"[464289, 488061]"
12,315756,"[1776516, 1011948]"
13,436317,"[464289, 488061]"
14,462609,"[466431, 755244]"
15,469308,"[443268, 494844]"
16,315819,"[449085, 464142]"
17,358764,"[434385, 480207]"
18,486948,"[442218, 486759]"
19,316176,"[1890273, 445872]"
20,466116,"[491778, 489762]"
21,477120,"[1771875, 493479]"
22,1788150,"[1764609, 477477]"
23,457254,"[471849, 783867]"
24,340935,"[1894200, 475545]"
25,457821,"[480480, 445095]"
26,464457,"[462609, 463428]"
27,755013,"[466347, 463596]"
28,1777839,"[459417, 466893]"
29,1785819,"[1764672, 460194]"
30,341418,"[463365, 459291]"
31,464373,"[480249, 1789179]"
32,487179,"[480186, 484554]"
33,488607,"[341418, 487179]"
34,486717,"[469560, 1893675]"
35,357063,"[479535, 444423]"
36,489678,"[493353, 473214]"
37,462588,"[467229, 466683]"
38,357252,"[445284, 444318]"
39,465213,"[474243, 1778532]"
40,465255,"[474600, 459354]"
41,468846,"[455322, 444507]"
42,474810,"[487389, 471198]"
43,482055,"[469560, 455049]"
44,487137,"[1783320, 481803]"
45,490329,"[462588, 357252]"
46,1780716,"[447888, 460509]"
47,432936,"[489132, 469014]"
48,432915,"[457590, 1788759]"
49,454188,"[454041, 482580]"
50,478191,"[487074, 476238]"
51,433713,"[471765, 1775949]"
52,464079,"[472542, 998823]"
53,477519,"[463617, 464541]"
54,477918,"[444801, 1785819]"
55,478611,"[463617, 475083]"
56,436170,"[441042, 443772]"
57,433818,"[479178, 1788717]"
58,1470147,"[471954, 466347]"
59,435393,"[467208, 1890273]"
60,433965,"[1528842, 467229]"
61,459648,"[455784, 461643]"
62,475293,"[480165, 1787583]"
63,476574,"[435414, 465654]"
64,479115,"[482538, 1784811]"
65,491904,"[1785672, 488523]"
66,434049,"[470820, 1787079]"
67,1779855,"[487977, 484869]"
68,476049,"[469434, 487179]"
69,434196,"[483147, 468846]"
70,476637,"[478128, 461622]"
71,434217,"[1784937, 477267]"
72,460845,"[460593, 492219]"
73,465087,"[465465, 1777125]"
74,468174,"[462483, 479451]"
75,1769271,"[475524, 1777125]"
76,1891239,"[495201, 1781388]"
77,1894494,"[459417, 466893]"
78,434259,"[476091, 487893]"
79,461580,"[435834, 468762]"
80,471954,"[1496670, 1470147]"
81,474915,"[357252, 463365]"
82,490077,"[474915, 461580]"
83,491484,"[1780632, 477246]"
84,434364,"[458430, 455175]"
85,455175,"[1892730, 1893948]"
86,458430,"[473634, 473235]"
87,434385,"[471597, 1781199]"
88,451185,"[435225, 477330]"
89,456729,"[316176, 471114]"
90,457233,"[475041, 460068]"
91,460068,"[1894200, 1783824]"
92,475041,"[445032, 471849]"
93,475881,"[466137, 357798]"
94,477435,"[488775, 1890378]"
95,478317,"[475041, 460068]"
96,434952,"[1786281, 754341]"
97,1011948,"[1776516, 315756]"
98,1775928,"[465381, 459207]"
99,434973,"[1785798, 476679]"
100,1784538,"[487200, 476070]"
101,435036,"[454083, 468804]"
102,456666,"[999180, 470862]"
103,443541,"[456834, 451164]"
104,435078,"[470904, 1734138]"
105,452697,"[1764672, 482643]"
106,458472,"[444465, 1890378]"
107,465192,"[484554, 475692]"
108,467376,"[470043, 435078]"
109,470043,"[454818, 445095]"
110,472605,"[482958, -1]"
111,477603,"[1892772, 755181]"
112,479157,"[470463, 1783971]"
113,487557,"[469623, 435078]"
114,435099,"[475251, 340599]"
115,445431,"[486591, 465759]"
116,461412,"[475209, 998739]"
117,435225,"[451185, 477330]"
118,475230,"[476658, 480942]"
119,488754,"[485184, 457863]"
120,1011927,"[466032, 461706]"
121,1529157,"[451878, 1765806]"
122,1784769,"[460635, 448980]"
123,477162,"[476028, 444276]"
124,1786281,"[434952, 754341]"
125,450723,"[999180, 435750]"
126,435750,"[461601, 1771875]"
127,999180,"[456036, 470799]"
128,435771,"[487116, 473613]"
129,459669,"[495201, 1781388]"
130,465402,"[486822, 450366]"
131,476217,"[473529, 484764]"
132,436002,"[460236, 465654]"
133,473550,"[490770, 436002]"
134,490770,"[485184, 443646]"
135,436233,"[468132, 464541]"
136,442281,"[475209, 468993]"
137,487620,"[315756, 1787604]"
138,455259,"[443877, 445557]"
139,436380,"[459291, 477351]"
140,457989,"[489321, 1732122]"
141,466788,"[1783929, 469938]"
142,437766,"[478128, 476637]"
143,475566,"[479136, 445452]"
144,437976,"[1787079, 474222]"
145,440916,"[460551, 1784391]"
146,469686,"[1890336, 473634]"
147,471870,"[444675, 464814]"
148,438186,"[1894242, 472101]"
149,444381,"[1892520, 477666]"
150,469644,"[478632, 490917]"
151,473529,"[435204, 495243]"
152,480186,"[1894368, 998886]"
153,445872,"[484617, 1781178]"
154,439194,"[475986, 486549]"
155,451668,"[1660386, 461853]"
156,468741,"[1011948, 451668]"
157,488880,"[488145, 470652]"
158,494025,"[1764672, 469665]"
159,462546,"[452235, 1784748]"
160,439572,"[468531, 448476]"
161,482664,"[487284, 469938]"
162,490161,"[469539, 484932]"
163,444444,"[485184, 457863]"
164,440181,"[466452, 448581]"
165,475839,"[481089, 451206]"
166,469035,"[484365, 1890798]"
167,440223,"[450891, 471597]"
168,1778847,"[464331, 1774710]"
169,440601,"[466368, 471849]"
170,457590,"[464352, 463575]"
171,465129,"[1789179, 455091]"
172,440706,"[341418, 1892814]"
173,440643,"[442680, 447888]"
174,463470,"[443352, 461853]"
175,478989,"[473571, 447909]"
176,486633,"[487200, 449547]"
177,464583,"[490665, 1496859]"
178,474516,"[1786113, 475650]"
179,482538,"[1784811, 479115]"
180,487788,"[468363, 487053]"
181,489300,"[457569, 316218]"
182,998823,"[463890, 473571]"
183,454650,"[1665741, 449085]"
184,467250,"[435204, 467061]"
185,441252,"[436128, 1765617]"
186,459438,"[474936, 478758]"
187,482202,"[445410, 482160]"
188,1893381,"[435435, 468300]"
189,1894368,"[998886, 475209]"
190,441315,"[440433, 490203]"
191,474054,"[437409, 473571]"
192,441693,"[1788570, 445179]"
193,458199,"[493563, 470022]"
194,466368,"[1778532, 340998]"
195,442806,"[447867, 447132]"
196,460278,"[471114, 1787247]"
197,474957,"[1771875, 455196]"
198,476952,"[458073, 492114]"
199,1774689,"[450786, 475734]"
200,1776180,"[449442, 440559]"
201,471492,"[1894200, 495894]"
202,443436,"[476196, 465318]"
203,476763,"[435246, 460803]"
204,1732206,"[445452, 468909]"
205,1892436,"[469224, 1784748]"
206,443646,"[1894200, 475545]"
207,487431,"[477120, 468636]"
208,461517,"[490266, 490287]"
209,444087,"[445410, 482160]"
210,473739,"[451689, 477246]"
211,474033,"[487809, 459522]"
212,444507,"[455322, 1732122]"
213,489594,"[478296, 476637]"
214,1012074,"[494214, 469959]"
215,1891806,"[454083, 468804]"
216,444612,"[490434, 488922]"
217,482181,"[471576, 1732122]"
218,491463,"[463449, 435225]"
219,444675,"[464814, 1492113]"
220,482958,"[491904, 1785672]"
221,445011,"[442386, 433965]"
222,463995,"[478464, 471009]"
223,467733,"[487767, 488775]"
224,486402,"[452004, 450366]"
225,489930,"[482916, 440412]"
226,493773,"[468132, 1734180]"
227,460866,"[1787772, 445347]"
228,445347,"[478695, 464268]"
229,465822,"[478758, 1787079]"
230,1787772,"[470904, 1783971]"
231,445473,"[433881, 476658]"
232,461853,"[1660386, 451668]"
233,463911,"[787521, 477834]"
234,482265,"[486528, 435204]"
235,486087,"[435288, 435267]"
236,445536,"[438207, 455028]"
237,478884,"[466137, 1784370]"
238,489762,"[470883, 477456]"
239,1764672,"[460194, 464898]"
240,471912,"[1783173, 467817]"
241,445578,"[463449, 461769]"
242,487998,"[482538, 1784811]"
243,445620,"[464961, 1774689]"
244,453957,"[443625, 341418]"
245,474012,"[469224, 1784748]"
246,755181,"[477603, 1892772]"
247,1785672,"[471849, 465738]"
248,454524,"[445851, 1732374]"
249,1732374,"[441042, 436170]"
250,486507,"[1789767, 476679]"
251,446019,"[473718, 478086]"
252,489531,"[481824, 494046]"
253,1764651,"[1785819, 490203]"
254,446124,"[483252, 454125]"
255,1783971,"[470463, 479157]"
256,446313,"[1894368, 476049]"
257,470106,"[460509, 1765638]"
258,446418,"[486948, 438186]"
259,474894,"[490896, 469056]"
260,1764126,"[1529157, 451878]"
261,463365,"[474915, 357252]"
262,447111,"[476112, 476994]"
263,470820,"[434049, 1787079]"
264,475734,"[1774689, 450786]"
265,487221,"[447867, 447132]"
266,1784853,"[341418, 459291]"
267,474579,"[1893843, 493542]"
268,447846,"[468888, 461475]"
269,475524,"[489258, 441735]"
270,480165,"[475293, 1787583]"
271,486486,"[1771938, 485163]"
272,487074,"[445410, 485352]"
273,447867,"[447132, 487221]"
274,460614,"[1776264, 489321]"
275,472542,"[471849, 787521]"
276,475923,"[477120, 1771875]"
277,1733592,"[1734600, 476679]"
278,472857,"[447909, 494067]"
279,447909,"[473571, 1781640]"
280,488061,"[464289, 490728]"
281,494067,"[470400, 434049]"
282,1788759,"[477288, 468300]"
283,447993,"[1733592, 465738]"
284,465738,"[1785672, 471849]"
285,448392,"[434952, 1777377]"
286,454608,"[1470147, 481194]"
287,448686,"[485730, 480963]"
288,460908,"[491274, 490203]"
289,474453,"[435288, 487284]"
290,481194,"[1470147, 460908]"
291,448917,"[1734873, 1528779]"
292,448959,"[481992, 476679]"
293,458052,"[1764672, 490371]"
294,474096,"[457275, 492492]"
295,493689,"[474096, 448959]"
296,449001,"[486696, 435288]"
297,479199,"[461832, 481971]"
298,449400,"[442680, 474348]"
299,454902,"[471849, 783867]"
300,461601,"[787521, 489321]"
301,449778,"[487305, 468762]"
302,462483,"[479451, 468174]"
303,489258,"[1784328, 787521]"
304,450555,"[463344, 465507]"
305,467124,"[441042, 1892394]"
306,488313,"[445872, 487998]"
307,463344,"[490434, 487746]"
308,451626,"[482076, 459333]"
309,1782396,"[463344, 451626]"
310,452130,"[435834, 468762]"
311,457401,"[444612, 1787079]"
312,452151,"[466452, 448581]"
313,1789368,"[1788549, 438942]"
314,476805,"[476532, 1010709]"
315,452718,"[444654, 463239]"
316,1788528,"[476805, 452718]"
317,453264,"[463617, 461685]"
318,461685,"[465696, 1774689]"
319,463617,"[469056, 478212]"
320,469140,"[486528, 471975]"
321,453999,"[437976, 474222]"
322,469875,"[465696, 1774689]"
323,476259,"[465633, 459669]"
324,476973,"[1659000, 1893570]"
325,1775235,"[455112, 1784811]"
326,454272,"[459396, 459438]"
327,459396,"[460593, 492219]"
328,459501,"[1892625, 469455]"
329,454293,"[457590, 477078]"
330,469938,"[1764609, 460068]"
331,473949,"[1771980, 999411]"
332,1775823,"[469938, 473949]"
333,458304,"[1784937, 474138]"
334,455070,"[473697, 473634]"
335,491379,"[493752, 493563]"
336,1788864,"[474747, 1781703]"
337,455868,"[442764, 489741]"
338,456078,"[475209, 445452]"
339,475713,"[476721, 475902]"
340,479094,"[489762, 470883]"
341,455994,"[1785819, 465150]"
342,475335,"[473928, 463890]"
343,1787835,"[435204, 459942]"
344,476994,"[486528, 487305]"
345,456183,"[459186, 467838]"
346,1784370,"[466137, 478884]"
347,457506,"[465024, 459270]"
348,473718,"[468363, 487788]"
349,481761,"[459963, 463764]"
350,490266,"[435288, 469392]"
351,1786386,"[470841, 479094]"
352,457527,"[469392, 747579]"
353,465759,"[486591, 445431]"
354,469392,"[747579, 1785357]"
355,488145,"[1528800, 340956]"
356,480753,"[481089, 451206]"
357,457611,"[1785798, 476679]"
358,482349,"[442890, 474138]"
359,459291,"[1778532, 1785714]"
360,1774710,"[454293, 457590]"
361,458724,"[477120, 474495]"
362,461622,"[485184, 457863]"
363,474495,"[454083, 468804]"
364,481488,"[1769859, 469707]"
365,459186,"[433062, 470610]"
366,468594,"[489489, 482181]"
367,471051,"[1771938, 490203]"
368,472248,"[446208, 1784349]"
369,478485,"[482496, 458241]"
370,1788696,"[474432, 489573]"
371,459354,"[1784328, 466893]"
372,464604,"[1492113, 470631]"
373,474600,"[488964, 473781]"
374,459417,"[1784328, 454251]"
375,469098,"[999453, 1787079]"
376,469602,"[462777, 460194]"
377,483042,"[446040, 340935]"
378,492597,"[483042, 469602]"
379,459480,"[475986, 469959]"
380,479241,"[1785798, 476679]"
381,1776516,"[1784937, 1786155]"
382,459564,"[466368, 435225]"
383,463428,"[464457, 462609]"
384,467355,"[449568, 477036]"
385,459900,"[466368, 1778532]"
386,487389,"[465024, 1010436]"
387,999579,"[482160, 473907]"
388,459963,"[481761, 463764]"
389,465591,"[469581, 1894326]"
390,483273,"[485394, 435267]"
391,1733907,"[468216, 450534]"
392,460194,"[1764672, 464898]"
393,481278,"[460530, 1784811]"
394,1783173,"[477246, 1892709]"
395,465465,"[1732122, 435204]"
396,460236,"[436002, 465654]"
397,482832,"[488922, 487158]"
398,460593,"[492219, 460845]"
399,470064,"[447909, 442638]"
400,486570,"[479346, 1732164]"
401,736995,"[1733907, 440349]"
402,1789431,"[1892478, 736995]"
403,1892478,"[736995, 461580]"
404,461790,"[479136, 474201]"
405,490665,"[1496859, 494382]"
406,1783866,"[444612, 490917]"
407,1786113,"[490434, 475650]"
408,1890063,"[435435, 1734180]"
409,475545,"[1894200, 488082]"
410,1784811,"[458010, 481971]"
411,463806,"[1764651, 467460]"
412,474180,"[469497, 463428]"
413,1734138,"[470904, 435078]"
414,1771875,"[477120, 493479]"
415,1784937,"[1776516, 1786155]"
416,467229,"[462588, 466683]"
417,480018,"[1734180, 467229]"
418,1734180,"[457170, 445578]"
419,464226,"[457611, 452718]"
420,494046,"[481824, 489531]"
421,469476,"[488523, 1732164]"
422,464247,"[482853, 463365]"
423,482160,"[459921, 493206]"
424,744891,"[481236, 471660]"
425,1528947,"[475377, 1783383]"
426,464289,"[488061, 490728]"
427,471072,"[1785315, 1891827]"
428,471597,"[434385, 1781199]"
429,477372,"[479136, 470022]"
430,464310,"[460635, 480879]"
431,482622,"[1894011, 441735]"
432,486465,"[489426, 487956]"
433,495201,"[1890273, 1781388]"
434,1892709,"[477246, 1783173]"
435,473865,"[473277, 1787079]"
436,464751,"[476028, 477162]"
437,474411,"[477162, 457611]"
438,477288,"[468300, 462525]"
439,481047,"[1734873, 463743]"
440,472920,"[464772, 1781556]"
441,464772,"[488691, 1893486]"
442,1781556,"[466032, 461706]"
443,478632,"[469644, 490917]"
444,484701,"[480753, 465675]"
445,487347,"[487389, 465150]"
446,490413,"[466137, 442638]"
447,491862,"[490728, 486570]"
448,1781829,"[474579, 1789851]"
449,465150,"[455994, 1785819]"
450,466599,"[435435, 468300]"
451,472374,"[468363, 487788]"
452,484848,"[483777, 464604]"
453,486318,"[458010, 1784811]"
454,487956,"[487872, 464394]"
455,496314,"[491904, 466599]"
456,1890777,"[491904, 466599]"
457,1778532,"[474075, 1785714]"
458,466137,"[1733571, 452004]"
459,469455,"[487494, 442344]"
460,476868,"[460257, 470652]"
461,478401,"[1775256, 463722]"
462,487326,"[442722, 435267]"
463,494130,"[466137, 1734243]"
464,1734243,"[482643, 787059]"
465,466263,"[1894368, 998886]"
466,491337,"[487914, 478800]"
467,466326,"[490161, 478947]"
468,478947,"[467880, 471492]"
469,466347,"[471954, 1470147]"
470,482853,"[486780, 450681]"
471,466410,"[1786491, 1771875]"
472,470085,"[1733571, 470631]"
473,483000,"[471051, 455091]"
474,468342,"[445704, 474201]"
475,468867,"[490917, 485415]"
476,477687,"[477792, 449085]"
477,487305,"[449778, 468762]"
478,472185,"[488376, 1784370]"
479,469245,"[466368, 435225]"
480,488376,"[1734873, 1528779]"
481,480795,"[490350, 463344]"
482,1789179,"[465129, 455091]"
483,480123,"[487788, 469476]"
484,486276,"[470400, 473571]"
485,489321,"[1776264, 462672]"
486,1662360,"[1784538, 1788150]"
487,470883,"[489762, 477456]"
488,476679,"[1774689, 450786]"
489,481698,"[481929, 451458]"
490,474936,"[490938, 473718]"
491,470904,"[1734138, 435078]"
492,480984,"[474621, 465549]"
493,484092,"[489237, 484638]"
494,479955,"[443289, 1787226]"
495,471135,"[1771875, 478086]"
496,486024,"[997584, 458157]"
497,471261,"[475104, 460488]"
498,471996,"[481761, 439194]"
499,485100,"[475230, 495222]"
500,489174,"[457506, 486570]"
501,472017,"[465024, 457506]"
502,478275,"[473844, 474957]"
503,480333,"[472017, 478275]"
504,472416,"[490455, 494466]"
505,493353,"[231021, 435183]"
506,1734222,"[450009, 469098]"
507,1734600,"[1733592, 476679]"
508,478737,"[1894368, 446313]"
509,472710,"[478737, 482580]"
510,482580,"[454041, 454188]"
511,481068,"[459459, 1776516]"
512,473046,"[482979, 481068]"
513,482979,"[1519329, 1662990]"
514,487872,"[464394, 487956]"
515,473508,"[1784370, 461853]"
516,1764630,"[463848, 1784937]"
517,478758,"[447594, 1893717]"
518,473886,"[1514688, 1514730]"
519,494970,"[453936, 460194]"
520,477855,"[1519371, 488964]"
521,486654,"[490203, 1775949]"
522,491295,"[1501017, 479178]"
523,1783845,"[1771938, 464919]"
524,474159,"[1771938, 485163]"
525,490791,"[471576, 475524]"
526,482223,"[1784328, 482349]"
527,998886,"[1894368, 475209]"
528,493626,"[491169, 1771287]"
529,494424,"[493626, 477519]"
530,490476,"[464331, 493647]"
531,477981,"[494025, 490476]"
532,490938,"[475713, 437619]"
533,482391,"[483105, 487914]"
534,490707,"[1894368, 998886]"
535,1894200,"[487473, 457275]"
536,480900,"[482370, 464919]"
537,1894305,"[480942, 446103]"
538,481992,"[491232, 340935]"
539,482916,"[465024, 446019]"
540,491211,"[488544, 473865]"
541,482034,"[1765050, 474285]"
542,486780,"[450681, 754131]"
543,487452,"[470064, 460551]"
544,485310,"[488061, 482559]"
545,482559,"[441042, 436170]"
546,485667,"[460194, 484764]"
547,1787079,"[442848, 479073]"
548,488523,"[469476, 1732164]"
549,485919,"[1519329, 488523]"
550,1519329,"[482979, 1662990]"
551,487473,"[1894200, 457275]"
552,488733,"[465024, 1010436]"
553,489489,"[477141, 1784349]"
554,492219,"[455322, 444507]"
555,1786827,"[1785798, 476679]"
556,1789851,"[482643, 1892499]"
557,-1,"[477246, 470358]"
558,434847,"[1894200, 444465]"
559,441735,"[489258, 475524]"
560,466893,"[459417, 1894494]"
561,212625,"[465675, 466263]"
562,465675,"[480753, 484701]"
563,463554,"[461601, 471429]"
564,469266,"[1775949, 479199]"
565,1890294,"[1774689, 463554]"
566,490014,"[489006, 461454]"
567,490203,"[440433, 441315]"
568,450030,"[487200, 476070]"
569,489447,"[1786113, 475650]"
570,492114,"[476952, 458073]"
571,339381,"[445452, 468909]"
572,458493,"[475524, 1777125]"
573,471114,"[460278, 1787247]"
574,476595,"[434049, 470820]"
575,1010709,"[1784538, 464772]"
576,1787709,"[1732164, 1787751]"
577,471219,"[471954, 1470147]"
578,451374,"[437409, 473571]"
579,340599,"[475251, 435099]"
580,483672,"[1787079, 484680]"
581,484680,"[445578, 469854]"
582,340956,"[1778532, 474075]"
583,483252,"[446124, 454125]"
584,450009,"[480480, 445095]"
585,465927,"[1501017, 460068]"
586,467922,"[449001, 466809]"
587,481215,"[1764609, 471177]"
588,484281,"[489930, 456834]"
589,495894,"[1894200, 471492]"
590,470001,"[479640, 786387]"
591,444276,"[477162, 476028]"
592,379974,"[444276, 464541]"
593,464541,"[463617, 477519]"
594,480207,"[434385, 358764]"
595,465423,"[469056, 454440]"
596,469791,"[482160, 484596]"
597,472143,"[1783152, 483210]"
598,494193,"[1892583, 786408]"
599,786408,"[1529136, 487179]"
600,1783152,"[446670, 441903]"
601,1892583,"[478821, 339528]"
602,434028,"[471828, 755181]"
603,441294,"[445872, 461601]"
604,1784328,"[449547, 454251]"
605,1892814,"[341418, 461790]"
606,456918,"[1010898, 468300]"
607,470400,"[475083, 473991]"
608,473697,"[453936, 487011]"
609,488187,"[461601, 1784748]"
610,434154,"[470001, 471051]"
611,1784727,"[1778532, 474075]"
612,440412,"[466137, 1733571]"
613,455805,"[477120, 358764]"
614,461454,"[491904, 1785672]"
615,463491,"[434217, 461454]"
616,465969,"[485016, 490203]"
617,434616,"[457464, 1892625]"
618,457464,"[434616, 1892625]"
619,469854,"[484680, 445578]"
620,1892625,"[459501, 469455]"
621,483546,"[1892730, 434700]"
622,434700,"[489216, 484869]"
623,485478,"[460194, 982275]"
624,1892730,"[455175, 1893948]"
625,456351,"[486696, 462588]"
626,484869,"[469560, 1784937]"
627,488544,"[473865, 491211]"
628,460551,"[471576, 1732122]"
629,487242,"[486339, 440559]"
630,1894095,"[1786848, 449673]"
631,435057,"[444801, 466137]"
632,487641,"[459480, 1501017]"
633,1732122,"[455322, 444507]"
634,471576,"[1732122, 482181]"
635,460635,"[464310, 480879]"
636,435183,"[450891, 471597]"
637,1775949,"[471765, 433713]"
638,1734873,"[463743, 481047]"
639,435267,"[460656, 482643]"
640,469518,"[1784937, 489321]"
641,487011,"[453936, 473697]"
642,488565,"[474432, 489573]"
643,491505,"[1734936, 486822]"
644,496881,"[487200, 476070]"
645,1892520,"[1785819, 1785525]"
646,1894221,"[470841, 466263]"
647,435288,"[489258, 483588]"
648,468678,"[454818, 479115]"
649,482874,"[466368, 1778532]"
650,999453,"[482643, 465549]"
651,436107,"[1784832, 435267]"
652,443247,"[434049, 470820]"
653,475986,"[1890840, 1787079]"
654,486696,"[462588, 482181]"
655,447888,"[1780716, 460509]"
656,437388,"[467250, 784182]"
657,474684,"[462483, 489132]"
658,438606,"[474684, 486822]"
659,486822,"[465402, 450366]"
660,442449,"[1784832, 473634]"
661,438837,"[1784832, 442449]"
662,472395,"[1733571, 452676]"
663,473634,"[435897, 1660323]"
664,1784832,"[445368, 441042]"
665,478338,"[475419, 448980]"
666,1528800,"[488145, 340956]"
667,1890273,"[495201, 1781388]"
668,444234,"[462609, 454062]"
669,440391,"[482853, 463365]"
670,998739,"[473571, 447909]"
671,441042,"[436170, 443772]"
672,440559,"[449442, 475692]"
673,443625,"[471261, 341418]"
674,471849,"[787521, 477834]"
675,440622,"[982296, 482181]"
676,1524558,"[475314, 459501]"
677,445452,"[486318, 1891743]"
678,441021,"[459186, 481236]"
679,458031,"[446985, 1732122]"
680,787500,"[487179, 442974]"
681,441546,"[457275, 477309]"
682,457275,"[1894200, 487473]"
683,459543,"[1784328, 454251]"
684,477309,"[441546, 457275]"
685,444255,"[1771938, 485163]"
686,446040,"[483042, 340935]"
687,441714,"[445473, 1528947]"
688,464919,"[482370, 480900]"
689,441861,"[482706, 1732164]"
690,468972,"[441861, 480270]"
691,480270,"[445851, 472668]"
692,442218,"[1786953, 488229]"
693,470022,"[493563, 458199]"
694,443877,"[455259, 445557]"
695,442407,"[445368, 463848]"
696,444948,"[1771938, 1781388]"
697,1893885,"[1775928, 435204]"
698,442491,"[468447, 1529178]"
699,467628,"[340347, 490119]"
700,443058,"[473361, 434931]"
701,461307,"[466704, 444234]"
702,468531,"[448476, 439572]"
703,1771938,"[463449, 461769]"
704,443226,"[455049, 454230]"
705,463764,"[481761, 459963]"
706,481446,"[477603, 786324]"
707,443394,"[481089, 1776516]"
708,748713,"[475104, 460488]"
709,443415,"[1787604, 460908]"
710,475377,"[1528947, 1783383]"
711,478086,"[446019, 473718]"
712,443562,"[1011864, 482685]"
713,489426,"[486465, 487956]"
714,443709,"[1764609, 457506]"
715,451647,"[445872, 485541]"
716,450618,"[1893864, 459144]"
717,443835,"[474117, 454125]"
718,450828,"[1893864, 459144]"
719,459144,"[477561, 1776516]"
720,1893864,"[464058, 462777]"
721,461811,"[476280, 470967]"
722,476532,"[475860, 445095]"
723,1492113,"[444675, 464814]"
724,1772526,"[1492113, 444255]"
725,444423,"[479535, 357063]"
726,479535,"[444423, 357063]"
727,482769,"[479136, 490728]"
728,1772862,"[481089, 481572]"
729,465864,"[446502, 441735]"
730,444801,"[466137, 435057]"
731,487914,"[491337, 478800]"
732,1786848,"[465633, 469224]"
733,1788549,"[445536, 438207]"
734,445032,"[475041, 471849]"
735,445368,"[1784832, 441042]"
736,447048,"[436128, 460614]"
737,471009,"[478464, 1786113]"
738,1890693,"[471009, 445032]"
739,445200,"[1529157, 451878]"
740,787122,"[461832, 456855]"
741,1778385,"[445200, 1786113]"
742,1764609,"[479178, 445452]"
743,445662,"[476763, 445620]"
744,471660,"[464982, 490203]"
745,447594,"[1893717, 478758]"
746,461496,"[477792, 1788570]"
747,486906,"[755307, 464331]"
748,487116,"[465738, 489237]"
749,454125,"[456834, 483588]"
750,446460,"[445221, 459879]"
751,476007,"[475713, 452235]"
752,999411,"[477120, 1771875]"
753,449358,"[478884, 474474]"
754,466767,"[473697, 1783383]"
755,474474,"[478884, 449358]"
756,463953,"[1775256, 470589]"
757,489132,"[471744, 458304]"
758,1071294,"[1764672, 460194]"
759,448854,"[1785714, 463386]"
760,463386,"[435099, 487788]"
761,1785714,"[1778532, 474075]"
762,448875,"[461832, 454986]"
763,1777251,"[459501, 452487]"
764,755307,"[474117, 435078]"
765,448980,"[434952, 470883]"
766,488901,"[449001, 487179]"
767,452004,"[466137, 1733571]"
768,449085,"[477792, 480438]"
769,456561,"[474537, 452004]"
770,474537,"[489720, 450492]"
771,449337,"[1785819, 482181]"
772,470967,"[457947, 476028]"
773,477330,"[435225, 451185]"
774,463932,"[481824, 449421]"
775,449421,"[481824, 463932]"
776,481824,"[458010, 755244]"
777,449925,"[1784853, 461454]"
778,449988,"[1784370, 488964]"
779,486213,"[997584, 440454]"
780,465549,"[482643, 999453]"
781,450702,"[1777377, 1784391]"
782,1777377,"[435267, 1768452]"
783,1784391,"[440916, 460551]"
784,450807,"[438963, 482916]"
785,472269,"[440958, 449043]"
786,492135,"[480900, 489132]"
787,452235,"[475713, 446439]"
788,452277,"[470946, 455994]"
789,470946,"[1010898, 444675]"
790,452424,"[1012074, 435099]"
791,1771980,"[999411, 786828]"
792,452739,"[449946, 460551]"
793,488964,"[1785672, 471849]"
794,454482,"[1782480, 460068]"
795,1782480,"[483042, 1776516]"
796,473928,"[463890, 475335]"
797,455028,"[445536, 438207]"
798,1780632,"[462504, 463449]"
799,455364,"[480753, 1784538]"
800,473193,"[488082, 457590]"
801,479724,"[449715, 1776516]"
802,481803,"[1783320, 487137]"
803,488082,"[1894200, 475545]"
804,469581,"[1894326, 465591]"
805,474705,"[465633, 488985]"
806,457842,"[340725, 1783383]"
807,490224,"[477120, 444465]"
808,469119,"[477120, 474117]"
809,470778,"[458304, 491190]"
810,982296,"[471345, 463302]"
811,458073,"[465024, 1010436]"
812,464898,"[1764672, 460194]"
813,482244,"[474663, 438249]"
814,483819,"[464898, 482244]"
815,485646,"[448980, 1783383]"
816,465381,"[1782270, 441630]"
817,458157,"[997584, 486024]"
818,1640604,"[465381, 458157]"
819,458262,"[487809, 442428]"
820,462735,"[482643, 1787079]"
821,458703,"[475230, 476658]"
822,469497,"[488754, 1732374]"
823,478695,"[458199, 489783]"
824,485856,"[469497, 459291]"
825,496209,"[478191, 459291]"
826,459774,"[487200, 486633]"
827,481005,"[1764672, 460194]"
828,481152,"[1890273, 489573]"
829,484785,"[481152, 1890273]"
830,485163,"[490434, 487746]"
831,489573,"[478800, 484764]"
832,460152,"[443436, 476406]"
833,476658,"[475230, 480942]"
834,461748,"[460194, 473907]"
835,473907,"[482160, 999579]"
836,489111,"[478464, 471009]"
837,460215,"[450891, 471597]"
838,466032,"[461706, 1781556]"
839,460509,"[447888, 1780716]"
840,469161,"[460530, 487389]"
841,460530,"[1784811, 481278]"
842,463848,"[1784937, 464310]"
843,460572,"[475860, 486654]"
844,1783383,"[457842, 340725]"
845,477750,"[489552, 462609]"
846,1514793,"[460635, 1893822]"
847,1893822,"[1514793, 460635]"
848,460656,"[454440, 461832]"
849,466809,"[1789074, 489027]"
850,477246,"[454083, 468804]"
851,481845,"[482622, 492135]"
852,478926,"[1010436, 485541]"
853,465990,"[464394, 481005]"
854,475902,"[475713, 476721]"
855,462672,"[1776264, 489321]"
856,463680,"[487788, 479535]"
857,464205,"[1892520, 475986]"
858,464415,"[469056, 454440]"
859,465507,"[463344, 450555]"
860,474264,"[468321, 486948]"
861,463155,"[487242, 475671]"
862,474999,"[461601, 488187]"
863,463239,"[452718, 444654]"
864,468405,"[485688, 464898]"
865,485688,"[464898, 468405]"
866,465843,"[1764651, 461307]"
867,481530,"[474117, 454125]"
868,479892,"[999453, 1775235]"
869,475419,"[478338, 448980]"
870,472983,"[491001, 1778532]"
871,491001,"[489510, 497574]"
872,464331,"[490476, 493647]"
873,493311,"[486906, 755307]"
874,464394,"[465024, 1010436]"
875,479178,"[432978, 1776516]"
876,469203,"[458115, 467397]"
877,474348,"[454083, 468804]"
878,483777,"[484848, 464604]"
879,1786239,"[455784, 784182]"
880,480879,"[460635, 464310]"
881,494571,"[435225, 493647]"
882,464961,"[1774689, 472815]"
883,472668,"[445851, 480270]"
884,1788885,"[494718, 440643]"
885,464982,"[490203, 471660]"
886,481110,"[456624, 488523]"
887,489216,"[484869, 475209]"
888,490371,"[471744, 458304]"
889,477225,"[477288, 435288]"
890,472101,"[1894242, 445704]"
891,490245,"[487368, 470442]"
892,482937,"[459417, 460614]"
893,485373,"[465927, 485163]"
894,1786008,"[466032, 1734579]"
895,466536,"[460929, 463239]"
896,470211,"[471849, 478401]"
897,752010,"[472353, 1784748]"
898,1528842,"[433965, 467229]"
899,467544,"[459459, 462567]"
900,840021,"[467544, 736995]"
901,467691,"[1010331, 1783173]"
902,468510,"[998886, 467502]"
903,470799,"[456036, 999180]"
904,469896,"[460824, 482853]"
905,478716,"[482244, 1784748]"
906,493668,"[463617, 471828]"
907,468993,"[480858, 494949]"
908,483126,"[469560, 1784937]"
909,1785315,"[486360, 1776516]"
910,493647,"[464331, 490476]"
911,469959,"[459480, 475986]"
912,755034,"[1785672, 440916]"
913,473571,"[458304, 1784937]"
914,470442,"[487368, 490245]"
915,471387,"[482328, 1774689]"
916,473991,"[440433, 441315]"
917,471828,"[434028, 755181]"
918,483609,"[1784370, 473571]"
919,1778868,"[481530, 472374]"
920,476070,"[487200, 440937]"
921,476112,"[488544, 445536]"
922,477813,"[440643, 470631]"
923,490959,"[486591, 1784391]"
924,786702,"[489573, 476070]"
925,473613,"[1771875, 462861]"
926,495243,"[435204, 468846]"
927,474201,"[479136, 461790]"
928,481026,"[1893864, 462777]"
929,474243,"[485709, 455217]"
930,474642,"[1776516, 1784937]"
931,475020,"[455196, 489300]"
932,1787583,"[472479, 432978]"
933,1894389,"[474789, 443016]"
934,488292,"[475377, 1787583]"
935,475587,"[491337, 465906]"
936,1789074,"[472416, 491673]"
937,477708,"[442680, 461769]"
938,478968,"[475881, 487179]"
939,475965,"[1734600, 1783152]"
940,1734579,"[1786008, 466032]"
941,476469,"[1778532, 479010]"
942,1786974,"[1788360, 1777881]"
943,477645,"[473991, 487284]"
944,748608,"[1776516, 1527561]"
945,493521,"[478632, 487326]"
946,489048,"[456834, 483588]"
947,489741,"[442764, 455868]"
948,478905,"[466872, 480753]"
949,481320,"[474117, 435078]"
950,480102,"[481320, 1787394]"
951,1787394,"[489216, 458052]"
952,1785840,"[467754, 477939]"
953,482139,"[488544, 490203]"
954,482433,"[494739, 474999]"
955,486864,"[484008, 433965]"
956,489468,"[457548, 468846]"
957,487158,"[482832, 488922]"
958,493836,"[487158, 487116]"
959,488040,"[475881, 445452]"
960,494949,"[468993, 480858]"
961,1785357,"[469392, 747579]"
962,1768452,"[1777377, 435267]"
963,1662990,"[465024, 1010436]"
964,435834,"[471345, 465885]"
965,442365,"[468363, 487788]"
966,444465,"[458472, 1890378]"
967,445641,"[441252, 1788549]"
968,456855,"[435435, 1734180]"
969,460026,"[486570, 487284]"
970,466389,"[456351, 487809]"
971,468657,"[1528800, 457863]"
972,1783992,"[1774920, 476973]"
973,459816,"[460929, 463239]"
974,440475,"[998886, 467502]"
975,315924,"[997584, 481068]"
976,457863,"[485184, 1781388]"
977,467985,"[1785672, 1789242]"
978,316218,"[457569, 445284]"
979,436212,"[471849, 465171]"
980,472458,"[479115, 484071]"
981,485520,"[477288, 491022]"
982,340725,"[457842, 1783383]"
983,1787751,"[1786953, 489510]"
984,340977,"[456162, 482349]"
985,473655,"[489762, 470883]"
986,358911,"[458745, 1789767]"
987,493815,"[482496, -1]"
988,468069,"[1774689, 432915]"
989,470526,"[470001, 491463]"
990,470757,"[435225, 482349]"
991,480543,"[459396, 455049]"
992,486591,"[445431, 465759]"
993,490392,"[444801, 475083]"
994,1785399,"[1528800, 433965]"
995,437472,"[441315, 458031]"
996,432978,"[479178, 1776516]"
997,468384,"[477498, 489447]"
998,478128,"[476637, 461622]"
999,434322,"[444339, 466452]"
1000,443604,"[482160, 477288]"
1001,442344,"[487494, 469455]"
1002,456834,"[1734201, 490455]"
1003,463596,"[455049, 461454]"
1004,488103,"[486864, 453201]"
1005,748629,"[471786, 445452]"
1006,1501017,"[465927, 460068]"
1007,479514,"[435225, 487284]"
1008,486234,"[1734873, 1528779]"
1009,477960,"[443331, 459543]"
1010,1782564,"[435225, 464394]"
1011,435204,"[467250, 467061]"
1012,440937,"[487200, 476070]"
1013,482895,"[1733592, 476679]"
1014,486528,"[999138, 458850]"
1015,494235,"[486528, 435204]"
1016,460047,"[478632, 444612]"
1017,440685,"[481992, 1782459]"
1018,455700,"[444801, 1784370]"
1019,458766,"[435435, 468300]"
1020,484050,"[481320, 482160]"
1021,449043,"[440958, 472269]"
1022,460173,"[478464, 471009]"
1023,468636,"[1894200, 444465]"
1024,1784748,"[469224, 1892436]"
1025,438942,"[1786134, 470967]"
1026,1516872,"[439194, 476637]"
1027,475629,"[754131, 755181]"
1028,439614,"[481992, 1782459]"
1029,754131,"[486780, 450681]"
1030,785673,"[486864, 494655]"
1031,491799,"[1784370, 470883]"
1032,493269,"[473991, 477645]"
1033,478548,"[469056, 463617]"
1034,472227,"[459690, 480207]"
1035,474558,"[478275, 473844]"
1036,755244,"[480480, 445095]"
1037,1660386,"[451668, 461853]"
1038,458829,"[435834, 464814]"
1039,483210,"[1783152, 472143]"
1040,490917,"[460593, 492219]"
1041,1782459,"[482244, 474663]"
1042,1785294,"[476028, 477162]"
1043,443856,"[475713, 1785819]"
1044,441063,"[357252, 445284]"
1045,448938,"[486864, 479514]"
1046,479787,"[491778, 476637]"
1047,488229,"[1786953, 442218]"
1048,486738,"[478989, 463365]"
1049,489279,"[486675, 486045]"
1050,441882,"[1660386, 1732374]"
1051,442071,"[470316, 1785735]"
1052,472521,"[454818, 476637]"
1053,1765638,"[450387, 445998]"
1054,455049,"[449568, 1660386]"
1055,442323,"[455049, 473235]"
1056,473235,"[473634, 458430]"
1057,483588,"[435288, 489258]"
1058,445704,"[1894242, 472101]"
1059,442764,"[455868, 489741]"
1060,449463,"[1789179, 442764]"
1061,442890,"[474138, 482349]"
1062,472563,"[477897, 1012074]"
1063,487263,"[460614, 470631]"
1064,442974,"[486570, 460026]"
1065,479661,"[1527960, 451395]"
1066,491967,"[474642, 469539]"
1067,487704,"[460068, 1665741]"
1068,1496859,"[490665, 494382]"
1069,443268,"[1784328, 787521]"
1070,1892415,"[450009, 443268]"
1071,443352,"[461853, 463470]"
1072,476406,"[1734936, 464814]"
1073,469707,"[481488, 1769859]"
1074,444486,"[462609, 444234]"
1075,444591,"[472227, 468846]"
1076,1010898,"[468300, 456918]"
1077,444759,"[442890, 463701]"
1078,468888,"[490434, 487746]"
1079,477414,"[464352, 435288]"
1080,494277,"[489993, 1771980]"
1081,997080,"[434847, 483084]"
1082,445284,"[457569, 316218]"
1083,445410,"[482160, 460593]"
1084,463743,"[1734873, 481047]"
1085,475209,"[1894368, 998886]"
1086,488670,"[477120, 450009]"
1087,1782039,"[459480, 1501017]"
1088,489153,"[466137, 442974]"
1089,468321,"[471513, 450387]"
1090,999474,"[452676, 467880]"
1091,446082,"[472479, 432978]"
1092,446397,"[491400, 482160]"
1093,477351,"[459291, 436380]"
1094,482517,"[473634, 489573]"
1095,1528380,"[446418, 477855]"
1096,446859,"[459459, 474348]"
1097,458871,"[480480, 445095]"
1098,459459,"[467544, 462567]"
1099,470253,"[473424, 357252]"
1100,446964,"[489258, 478716]"
1101,448476,"[468531, 439572]"
1102,1894032,"[1787583, 448476]"
1103,459879,"[440832, 434385]"
1104,468552,"[462567, 434952]"
1105,1893318,"[467355, 449085]"
1106,449169,"[488145, 468237]"
1107,449631,"[487809, 470799]"
1108,450534,"[468216, 1733907]"
1109,450765,"[481257, 482244]"
1110,479136,"[474201, 461790]"
1111,1775739,"[490350, 463344]"
1112,456162,"[469392, 488628]"
1113,450891,"[471597, 435183]"
1114,477036,"[449568, 467355]"
1115,481341,"[1776264, 489321]"
1116,1891533,"[487074, 456162]"
1117,451248,"[1781829, 476070]"
1118,453117,"[481824, 446229]"
1119,464436,"[468762, 1788570]"
1120,473970,"[460656, 786975]"
1121,479031,"[1764672, 1893066]"
1122,477498,"[468447, 480879]"
1123,483189,"[478464, 477666]"
1124,494991,"[486696, 449001]"
1125,452193,"[489027, 473781]"
1126,1776495,"[477120, 452193]"
1127,466557,"[471597, 1783173]"
1128,487200,"[476070, 440937]"
1129,453915,"[488040, 475881]"
1130,454041,"[461601, 435771]"
1131,486675,"[486045, 489279]"
1132,735084,"[1775928, 1782459]"
1133,454083,"[468804, 1891806]"
1134,482286,"[461601, 1771875]"
1135,993510,"[467208, 435393]"
1136,455091,"[465129, 1789179]"
1137,461475,"[468888, 447846]"
1138,468237,"[444234, 445851]"
1139,458346,"[476616, 456834]"
1140,476616,"[458493, 487956]"
1141,481299,"[460824, 490203]"
1142,467523,"[470631, 470799]"
1143,457653,"[455112, 488985]"
1144,494907,"[467523, 490728]"
1145,1892562,"[467523, 490728]"
1146,458409,"[465843, 455028]"
1147,487725,"[471765, 433713]"
1148,489699,"[451059, 463428]"
1149,459732,"[357252, 465990]"
1150,465171,"[440076, 465549]"
1151,459942,"[435204, 1779624]"
1152,475272,"[1788696, 464730]"
1153,1785798,"[476679, 479241]"
1154,470463,"[1783971, 479157]"
1155,475188,"[461832, 481971]"
1156,460488,"[475104, 748713]"
1157,1494003,"[475524, 1777125]"
1158,476343,"[477687, 469455]"
1159,1765806,"[1529157, 451878]"
1160,478254,"[477267, 494886]"
1161,460803,"[435246, 476763]"
1162,479640,"[469224, 470001]"
1163,461664,"[477120, 459732]"
1164,489510,"[1786953, 1787751]"
1165,461769,"[463449, 1771938]"
1166,1891869,"[461790, 486486]"
1167,467460,"[1764651, 463806]"
1168,482097,"[462609, 467460]"
1169,462651,"[481593, 1789179]"
1170,1788717,"[479178, 433818]"
1171,462777,"[1893864, 481026]"
1172,471765,"[433713, 1775949]"
1173,496146,"[462777, 786450]"
1174,786450,"[467523, 470631]"
1175,1783950,"[481488, 1784748]"
1176,463449,"[461769, 1771938]"
1177,471975,"[486528, 469140]"
1178,996891,"[463449, 471975]"
1179,463638,"[491169, 998739]"
1180,488775,"[467733, 487767]"
1181,491169,"[493626, 1771287]"
1182,468468,"[467229, 466683]"
1183,485121,"[435267, 440622]"
1184,485625,"[463890, 486423]"
1185,463890,"[473571, 494739]"
1186,486423,"[479640, 475566]"
1187,464478,"[486738, 487158]"
1188,478296,"[489594, 476637]"
1189,467964,"[446040, 1781556]"
1190,476490,"[464898, 1787604]"
1191,479871,"[462567, 468552]"
1192,1787604,"[315756, 487620]"
1193,465234,"[480186, 490728]"
1194,466452,"[452151, 448581]"
1195,754236,"[469056, 463617]"
1196,1894179,"[465969, 754236]"
1197,481404,"[1662024, 443583]"
1198,471786,"[474537, 474579]"
1199,466053,"[445473, 476658]"
1200,470631,"[1733571, 470085]"
1201,467565,"[480501, 476973]"
1202,480501,"[982296, 476175]"
1203,968646,"[480501, 467565]"
1204,468300,"[435435, 1893381]"
1205,491526,"[473361, 443058]"
1206,469560,"[1784937, 473403]"
1207,1011885,"[460635, 456351]"
1208,1734936,"[476406, 464814]"
1209,1788423,"[455889, 474327]"
1210,470652,"[450681, 754131]"
1211,470673,"[460782, 1764126]"
1212,471366,"[460845, 474180]"
1213,486108,"[966000, 470799]"
1214,966000,"[475104, 492198]"
1215,489342,"[464289, 488061]"
1216,482811,"[447888, 449946]"
1217,471156,"[464436, 471765]"
1218,1010331,"[467691, 1783173]"
1219,471513,"[468321, 450387]"
1220,479766,"[1722021, 491484]"
1221,482748,"[458871, 451059]"
1222,1722021,"[434952, 434931]"
1223,1524306,"[1765050, 1784811]"
1224,476196,"[465318, 1667463]"
1225,1789767,"[486654, 477603]"
1226,472038,"[457821, 999390]"
1227,473025,"[450009, 472815]"
1228,473130,"[1785672, 1732122]"
1229,475356,"[486948, 490728]"
1230,491400,"[482160, 469791]"
1231,1765617,"[467166, 470295]"
1232,474117,"[435078, 481320]"
1233,748671,"[474117, 478695]"
1234,495222,"[485100, 475230]"
1235,474621,"[474915, 357252]"
1236,477834,"[471849, 787521]"
1237,494739,"[463890, 473571]"
1238,487683,"[471345, 481089]"
1239,477939,"[1785840, 467754]"
1240,482076,"[451626, 459333]"
1241,476385,"[477267, 476406]"
1242,477267,"[1776516, 1784937]"
1243,1788192,"[1734873, 464604]"
1244,1789242,"[1785672, 467985]"
1245,481782,"[434154, 468237]"
1246,477729,"[493794, 469560]"
1247,479052,"[482748, 451059]"
1248,492702,"[490392, 479052]"
1249,482454,"[485352, 484071]"
1250,484071,"[472458, 479115]"
1251,485352,"[487074, 445410]"
1252,484365,"[469035, 1890798]"
1253,483294,"[487620, 489132]"
1254,489027,"[452193, 473781]"
1255,786975,"[460656, 473970]"
1256,471807,"[488040, 475881]"
1257,482328,"[1890504, 478821]"
1258,337008,"[1501395, 486318]"
1259,1501395,"[337008, 486318]"
1260,467859,"[478800, 438774]"
1261,473676,"[487284, 487998]"
1262,475146,"[461601, 435267]"
1263,359016,"[434049, 470820]"
1264,458241,"[482496, 464457]"
1265,359709,"[1775235, 451668]"
1266,433692,"[1786848, 465633]"
1267,434175,"[468993, 480858]"
1268,475104,"[460488, 748713]"
1269,478464,"[471009, 1786113]"
1270,476091,"[1891491, 434952]"
1271,487893,"[434259, 476091]"
1272,456036,"[999180, 470799]"
1273,443310,"[482244, 474663]"
1274,445305,"[445851, 477813]"
1275,444318,"[357252, 445284]"
1276,463533,"[435393, 435204]"
1277,467061,"[467250, 435204]"
1278,477183,"[469224, 1784748]"
1279,784770,"[456834, 450387]"
1280,493710,"[492177, 494214]"
1281,457968,"[486696, 435393]"
1282,436128,"[447048, 460614]"
1283,436254,"[1788192, 460572]"
1284,442680,"[468216, 469455]"
1285,484260,"[436128, 442680]"
1286,437409,"[473571, 474054]"
1287,448518,"[470022, 483000]"
1288,452088,"[475104, 489027]"
1289,440349,"[1733907, 484470]"
1290,440433,"[441315, 490203]"
1291,474789,"[443016, 442764]"
1292,440454,"[997584, 486213]"
1293,440538,"[487074, 445410]"
1294,452655,"[477120, 1734873]"
1295,493059,"[442974, 456519]"
1296,445998,"[489258, 735021]"
1297,446502,"[477603, 786324]"
1298,471471,"[481488, 436212]"
1299,441903,"[449442, 475692]"
1300,474663,"[467817, 466095]"
1301,1774899,"[1894368, 454020]"
1302,442176,"[479073, 455763]"
1303,455763,"[482496, 443268]"
1304,479073,"[442848, 446166]"
1305,442302,"[461853, 464583]"
1306,442428,"[439194, 444675]"
1307,464142,"[315819, 449085]"
1308,487809,"[479808, 479829]"
1309,472815,"[464961, 1774689]"
1310,480816,"[472479, 444255]"
1311,459921,"[482160, 493206]"
1312,468153,"[477792, 465129]"
1313,477792,"[449085, 480438]"
1314,1723995,"[477792, 465129]"
1315,469182,"[1784328, 454251]"
1316,481089,"[451206, 473424]"
1317,453180,"[456351, 487809]"
1318,472479,"[446082, 432978]"
1319,1779708,"[436128, 1765617]"
1320,494361,"[488964, 458703]"
1321,1893570,"[1659000, 476973]"
1322,451500,"[471345, 444255]"
1323,471345,"[435834, 465885]"
1324,492933,"[444276, 1771980]"
1325,1788612,"[748608, 444486]"
1326,464268,"[459921, 469308]"
1327,1732164,"[486570, 484974]"
1328,465654,"[489762, 470883]"
1329,445599,"[478464, 1891491]"
1330,482601,"[465024, 447573]"
1331,1500639,"[474915, 357252]"
1332,1891491,"[434952, 434217]"
1333,467439,"[1784328, 454251]"
1334,479010,"[1778532, 459228]"
1335,447678,"[449043, 475965]"
1336,1787856,"[471576, 468321]"
1337,478422,"[447888, 492891]"
1338,492891,"[447888, 478422]"
1339,448056,"[486591, 1783047]"
1340,1783047,"[1784370, 1787079]"
1341,495180,"[463365, 488775]"
1342,1783215,"[463365, 488775]"
1343,448770,"[461517, 494991]"
1344,470169,"[448770, 461517]"
1345,489972,"[481089, 1787751]"
1346,1665741,"[468426, 999390]"
1347,449022,"[486528, 487305]"
1348,468363,"[487788, 487053]"
1349,449190,"[1734243, 475566]"
1350,451479,"[455028, 1778847]"
1351,454020,"[1894368, 755370]"
1352,454986,"[461832, 448875]"
1353,471681,"[1660386, 454986]"
1354,455196,"[487200, 476070]"
1355,470841,"[1894221, 466263]"
1356,456099,"[478800, 474012]"
1357,471177,"[1764609, 440076]"
1358,493374,"[1778532, 474075]"
1359,457170,"[457821, 456351]"
1360,478149,"[457989, 468741]"
1361,458010,"[1784811, 484764]"
1362,490896,"[469056, 1788150]"
1363,494403,"[490896, 458010]"
1364,1784349,"[476154, 445452]"
1365,475461,"[458073, 460194]"
1366,476553,"[469560, 1771980]"
1367,480942,"[476658, 475230]"
1368,1783551,"[455217, 1788570]"
1369,459165,"[1764672, 459354]"
1370,1780569,"[459186, 464919]"
1371,471933,"[473571, 447909]"
1372,494214,"[492177, 493710]"
1373,1892016,"[460656, 445872]"
1374,460677,"[1734600, 463890]"
1375,466200,"[1785819, 488334]"
1376,489195,"[445872, 484617]"
1377,472647,"[1514688, 449547]"
1378,461832,"[471849, 457611]"
1379,982275,"[460194, 485478]"
1380,463869,"[470883, 470757]"
1381,462861,"[1771875, 473613]"
1382,468720,"[462861, 463869]"
1383,486612,"[1894368, 998886]"
1384,490812,"[462567, 468552]"
1385,464499,"[463743, 464835]"
1386,479829,"[479808, 487809]"
1387,464184,"[1892394, 786450]"
1388,490140,"[490350, 463344]"
1389,464520,"[1783152, 476196]"
1390,476133,"[481089, 495201]"
1391,471891,"[464352, 465633]"
1392,475692,"[449442, 440559]"
1393,484554,"[480186, 487179]"
1394,478170,"[477540, 1783887]"
1395,465780,"[469896, 1734180]"
1396,474075,"[1778532, 1785714]"
1397,466683,"[462588, 467229]"
1398,481362,"[1784391, 465087]"
1399,474306,"[477666, 1893570]"
1400,494760,"[486591, 1784391]"
1401,469665,"[464289, 736995]"
1402,1734201,"[456834, 490455]"
1403,1786491,"[466410, 1771875]"
1404,491421,"[478128, 491883]"
1405,494781,"[495075, 470253]"
1406,495075,"[470253, 494781]"
1407,470274,"[488985, 483042]"
1408,488985,"[474705, 465633]"
1409,470610,"[433062, 459186]"
1410,1893990,"[470400, 470610]"
1411,489006,"[490014, 461454]"
1412,497574,"[473634, 489573]"
1413,476721,"[475713, 475902]"
1414,479598,"[477162, 482811]"
1415,494886,"[1786113, 475650]"
1416,1783887,"[478170, 477540]"
1417,479745,"[490854, 445998]"
1418,997584,"[1788360, 1777881]"
1419,480375,"[1788570, 1784391]"
1420,1788570,"[468762, 464436]"
1421,491925,"[480753, 482916]"
1422,481677,"[459564, 472143]"
1423,484764,"[458010, 1784811]"
1424,491148,"[486591, 1784391]"
1425,484407,"[485751, 486087]"
1426,485751,"[461832, 454986]"
1427,1783404,"[487704, 484764]"
1428,490560,"[484869, 1783887]"
1429,1659630,"[486360, 1785315]"
1430,489552,"[462609, 1786995]"
1431,490455,"[472416, 491673]"
1432,492555,"[1775256, 489258]"
1433,493290,"[444612, 490917]"
1434,1783929,"[469938, 466788]"
1435,491274,"[467481, 493500]"
1436,496167,"[491274, 491484]"
1437,459690,"[447888, 458388]"
1438,210042,"[481089, 451206]"
1439,231021,"[493353, 435183]"
1440,470862,"[475209, 445452]"
1441,482496,"[443268, 478086]"
1442,315714,"[483105, 474600]"
1443,456015,"[478800, 467754]"
1444,485541,"[1010436, 315819]"
1445,1010436,"[465024, 464394]"
1446,380058,"[997584, 316176]"
1447,459375,"[459921, 1786029]"
1448,488922,"[490434, 444612]"
1449,489951,"[744891, 481236]"
1450,357441,"[1788192, 358911]"
1451,433755,"[441000, 1783866]"
1452,467880,"[452676, 459501]"
1453,433797,"[982296, 482979]"
1454,454398,"[434154, 468237]"
1455,433923,"[483000, 449862]"
1456,449862,"[1734936, 982296]"
1457,490749,"[495201, 1071294]"
1458,449946,"[447888, 482811]"
1459,1529136,"[786408, 487179]"
1460,1789263,"[1786029, 469182]"
1461,1894326,"[1894368, 998886]"
1462,435414,"[465654, 476574]"
1463,440286,"[487368, 435183]"
1464,487368,"[474432, 489573]"
1465,442260,"[787122, 435204]"
1466,435246,"[476763, 460803]"
1467,464352,"[457590, 463575]"
1468,466872,"[480753, 478905]"
1469,473823,"[475545, 434049]"
1470,475083,"[435897, 473634]"
1471,1789326,"[481299, 452781]"
1472,454440,"[461832, 460656]"
1473,470736,"[481026, 445431]"
1474,476322,"[470736, 435771]"
1475,436842,"[466599, 472143]"
1476,466011,"[491337, 487914]"
1477,459333,"[451626, 482076]"
1478,440076,"[1764609, 471177]"
1479,478569,"[440349, 461454]"
1480,464121,"[439194, 466179]"
1481,754404,"[475524, 1777125]"
1482,1777125,"[465465, 465087]"
1483,441567,"[472101, 479094]"
1484,441588,"[479115, 479094]"
1485,467418,"[1776264, 442995]"
1486,459522,"[487809, 474033]"
1487,480585,"[482937, 442218]"
1488,491232,"[470883, 485268]"
1489,1776201,"[491232, 481110]"
1490,477666,"[474306, 1893570]"
1491,471324,"[458241, 474243]"
1492,454230,"[455049, 443226]"
1493,465276,"[435267, 1776516]"
1494,470925,"[476763, 1783887]"
1495,486297,"[486591, 457506]"
1496,444654,"[452718, 463239]"
1497,1781388,"[485184, 457863]"
1498,451059,"[482748, 458871]"
1499,481866,"[1764651, 445452]"
1500,748566,"[490434, 487746]"
1501,445746,"[476952, 482580]"
1502,488334,"[466200, 1785819]"
1503,786324,"[1893864, 462777]"
1504,463197,"[1783866, 447573]"
1505,447573,"[479136, 474201]"
1506,473487,"[1501017, 460068]"
1507,1786953,"[1787751, 489510]"
1508,469917,"[474705, 433881]"
1509,450492,"[489720, 474537]"
1510,463575,"[464352, 457590]"
1511,483735,"[982296, 488565]"
1512,451164,"[443268, 494844]"
1513,451983,"[475104, 460488]"
1514,452781,"[443289, 1787226]"
1515,459207,"[1787583, 489783]"
1516,454104,"[464289, 464394]"
1517,460782,"[435834, 481635]"
1518,486969,"[488145, 435204]"
1519,455112,"[474096, 488985]"
1520,968478,"[999453, 1775235]"
1521,455910,"[463617, 1786113]"
1522,1777881,"[1786848, 465633]"
1523,456393,"[488544, 459417]"
1524,460005,"[461601, 488187]"
1525,482643,"[999453, 465549]"
1526,496020,"[459480, 358764]"
1527,458220,"[489720, 474537]"
1528,462567,"[457569, 316218]"
1529,458283,"[458073, 487179]"
1530,484617,"[445872, 1781178]"
1531,488712,"[484617, 458283]"
1532,459312,"[1892583, 1734222]"
1533,1663011,"[488964, 480165]"
1534,465633,"[1786848, 469224]"
1535,460257,"[470652, 476868]"
1536,465948,"[357252, 1785735]"
1537,484659,"[460257, 491883]"
1538,491883,"[478128, 491421]"
1539,1893486,"[488691, 464772]"
1540,1785546,"[474642, 477645]"
1541,462525,"[487494, 442344]"
1542,491547,"[461496, 487305]"
1543,467817,"[474663, 466095]"
1544,1890840,"[475986, 1787079]"
1545,461706,"[466032, 1781556]"
1546,1576029,"[445851, 487284]"
1547,462504,"[491778, 489762]"
1548,487053,"[468363, 487788]"
1549,1771287,"[480480, 445095]"
1550,1660407,"[463764, 479535]"
1551,463827,"[482370, 459375]"
1552,470589,"[487305, 449778]"
1553,464058,"[1893864, 462777]"
1554,478800,"[491337, 487914]"
1555,491715,"[478800, 464541]"
1556,467901,"[1784538, 464772]"
1557,471198,"[476763, 445620]"
1558,493143,"[487494, 442344]"
1559,467208,"[435393, 1890273]"
1560,486549,"[439194, 475986]"
1561,471744,"[458304, 490371]"
1562,468489,"[471744, 478632]"
1563,468615,"[486633, 450891]"
1564,477141,"[489489, 1784349]"
1565,1890798,"[469035, 484365]"
1566,469812,"[450219, 476028]"
1567,1764252,"[754089, 486675]"
1568,1892394,"[357252, 465990]"
1569,475125,"[482706, 1732164]"
1570,487410,"[479241, 493794]"
1571,490350,"[463344, 462609]"
1572,755391,"[487137, 435246]"
1573,1011864,"[462609, 467250]"
1574,1788780,"[466221, 460614]"
1575,477078,"[454293, 457590]"
1576,473781,"[440643, 470631]"
1577,489783,"[1787583, 459207]"
1578,495663,"[485121, 1734222]"
1579,494151,"[473718, 997878]"
1580,474873,"[491232, 340935]"
1581,1890210,"[1785315, 476637]"
1582,1662024,"[476763, 487326]"
1583,1893633,"[450408, 471576]"
1584,998907,"[316176, 436170]"
1585,480480,"[445095, 755244]"
1586,484533,"[966000, 481803]"
1587,493563,"[470022, 458199]"
1588,493752,"[491379, 493563]"
1589,1769859,"[481488, 469707]"
1590,1788738,"[445872, 479094]"
1591,212520,"[1768221, 473214]"
1592,473214,"[493353, 472143]"
1593,1768221,"[212520, 473214]"
1594,442638,"[466137, 490413]"
1595,465024,"[1010436, 464394]"
1596,336168,"[477267, 486486]"
1597,339528,"[1785672, 473130]"
1598,466095,"[449085, 1776558]"
1599,478821,"[1890504, 482328]"
1600,494865,"[478821, 1892583]"
1601,468216,"[1733907, 450534]"
1602,1732143,"[1782459, 357252]"
1603,433062,"[459186, 490707]"
1604,453138,"[461601, 1894242]"
1605,754383,"[440391, 748713]"
1606,442386,"[445011, 433965]"
1607,1777923,"[1764672, 434028]"
1608,436191,"[450009, 475923]"
1609,442239,"[464835, 1786827]"
1610,434931,"[434952, 449967]"
1611,451584,"[1764651, 440916]"
1612,1733571,"[466137, 452004]"
1613,1891722,"[464898, 435204]"
1614,485016,"[465969, 490203]"
1615,437598,"[474957, 471597]"
1616,466179,"[469560, 1893675]"
1617,437619,"[475713, 490938]"
1618,466620,"[457254, 438186]"
1619,477393,"[471849, 1529178]"
1620,468132,"[1734180, 493773]"
1621,441525,"[465024, 477120]"
1622,466494,"[1788633, 459564]"
1623,474768,"[1662024, 443583]"
1624,1786638,"[982296, 471345]"
1625,464814,"[452151, 466452]"
1626,479262,"[442680, 461769]"
1627,1788906,"[1010898, 478821]"
1628,465318,"[476196, 1667463]"
1629,1783320,"[487137, 481803]"
1630,443688,"[488523, 464982]"
1631,456603,"[1892520, 444381]"
1632,467838,"[459186, 464814]"
1633,455217,"[474243, 485709]"
1634,461643,"[466368, 435225]"
1635,484134,"[445704, 1893675]"
1636,1893675,"[982296, 755370]"
1637,446103,"[1894305, 480942]"
1638,472836,"[1890378, 472395]"
1639,446208,"[472248, 1784349]"
1640,454734,"[1894305, 1783110]"
1641,472584,"[1894305, 1783110]"
1642,1783110,"[1894305, 457863]"
1643,469350,"[474054, 447594]"
1644,484596,"[482160, 491022]"
1645,487662,"[469350, 474054]"
1646,491253,"[460467, 488565]"
1647,464793,"[465024, 477120]"
1648,448623,"[474705, 478695]"
1649,490980,"[473508, 474285]"
1650,459858,"[467250, 1784748]"
1651,450597,"[459858, 1785819]"
1652,754215,"[459858, 1785819]"
1653,485457,"[1784832, 450891]"
1654,490434,"[487746, 485163]"
1655,451458,"[481929, 481698]"
1656,451899,"[472836, 1890378]"
1657,456519,"[482958, 472605]"
1658,1890378,"[458472, 444465]"
1659,477540,"[464730, 441315]"
1660,452676,"[1733571, 482244]"
1661,455133,"[1764609, 460068]"
1662,482475,"[486360, 445137]"
1663,453936,"[473697, 487011]"
1664,1785735,"[357252, 465948]"
1665,469014,"[432936, 489132]"
1666,1785756,"[999180, 470862]"
1667,784140,"[470085, 463974]"
1668,1775718,"[446040, 470778]"
1669,459711,"[464982, 475083]"
1670,484428,"[1011948, 453894]"
1671,1659000,"[1893570, 476973]"
1672,999390,"[442680, 461769]"
1673,480711,"[483693, 456351]"
1674,474432,"[489573, 487368]"
1675,1891554,"[482895, 1734936]"
1676,466221,"[1788780, 460614]"
1677,481425,"[481026, 1785756]"
1678,482790,"[487032, 460194]"
1679,463785,"[487284, 469917]"
1680,487284,"[473676, 487998]"
1681,463974,"[784140, 470085]"
1682,1776558,"[1784727, 449085]"
1683,487977,"[484869, 1779855]"
1684,1786806,"[470883, 464583]"
1685,468951,"[997080, 434847]"
1686,475650,"[1786113, 490434]"
1687,488586,"[982296, 489888]"
1688,466704,"[444234, 461307]"
1689,1499526,"[466704, 471744]"
1690,999285,"[468762, 462483]"
1691,472878,"[460488, 482916]"
1692,475167,"[481047, 483735]"
1693,472773,"[1733571, 1734180]"
1694,493899,"[473634, 489573]"
1695,489909,"[474600, 489741]"
1696,474747,"[474915, 357252]"
1697,1781703,"[1788864, 474747]"
1698,483420,"[475734, 480942]"
1699,1774920,"[316176, 452823]"
1700,1890630,"[1783992, 1774920]"
1701,1890399,"[1663011, 488964]"
1702,487830,"[445032, 461517]"
1703,489867,"[478905, 487830]"
1704,484218,"[484869, 494571]"
1705,1893843,"[1734873, 1528779]"
1706,480837,"[453096, 476196]"
1707,1781073,"[1524306, 480837]"
1708,1788843,"[1783866, 481068]"
1709,481257,"[483105, 315714]"
1710,482013,"[464856, 477183]"
1711,484722,"[1768452, 487767]"
1712,487767,"[467733, 488775]"
1713,485268,"[491232, 470883]"
1714,488250,"[486528, 474957]"
1715,494655,"[486864, 785673]"
1716,1782417,"[489426, 998886]"
1717,490098,"[458388, 461853]"
1718,486192,"[479934, 484638]"
1719,444549,"[456834, 483588]"
1720,1782354,"[340977, 464142]"
1721,484512,"[437619, 358764]"
1722,458745,"[442848, 1785672]"
1723,432999,"[486591, 445431]"
1724,747558,"[1788570, 316260]"
1725,460887,"[460194, 442365]"
1726,434406,"[473823, 446460]"
1727,483084,"[982296, 475251]"
1728,1789473,"[1894368, 435099]"
1729,435792,"[435225, 452739]"
1730,481740,"[447909, 1890567]"
1731,495936,"[495243, 481740]"
1732,435918,"[464898, 489573]"
1733,454461,"[473571, 447909]"
1734,436275,"[487242, 453915]"
1735,481656,"[1784328, 481614]"
1736,438753,"[451164, 493941]"
1737,493941,"[477666, 474306]"
1738,467166,"[1765617, 470295]"
1739,477477,"[1764609, 1788150]"
1740,454167,"[480207, 459690]"
1741,440517,"[1788570, 445179]"
1742,484029,"[488775, 1890378]"
1743,440832,"[434385, 459879]"
1744,468195,"[440832, 482349]"
1745,481236,"[744891, 471660]"
1746,464100,"[465024, 477120]"
1747,470568,"[1890609, 441693]"
1748,1890609,"[470568, 441693]"
1749,467943,"[445473, 441714]"
1750,448749,"[1784328, 1787772]"
1751,1894011,"[482622, 441735]"
1752,468825,"[465696, 1774689]"
1753,1788381,"[487977, 477708]"
1754,1893360,"[1893381, 466599]"
1755,1891827,"[471072, 1785315]"
1756,485415,"[468867, 490917]"
1757,467292,"[465150, 475839]"
1758,475062,"[461601, 1771875]"
1759,444339,"[434322, 466452]"
1760,493983,"[455049, 474096]"
1761,446712,"[454293, 457590]"
1762,475944,"[489027, 464037]"
1763,445095,"[480480, 755244]"
1764,449232,"[459501, 445557]"
1765,445557,"[455259, 443877]"
1766,446229,"[481824, 453117]"
1767,446439,"[486675, 455133]"
1768,1777398,"[459564, 447846]"
1769,484743,"[476196, 486570]"
1770,1782270,"[465381, 441630]"
1771,449442,"[440559, 475692]"
1772,451437,"[481803, 494508]"
1773,494508,"[481803, 451437]"
1774,1782312,"[476952, 479094]"
1775,460929,"[463239, 459816]"
1776,454251,"[1784328, 449547]"
1777,455784,"[784182, 1786239]"
1778,456330,"[1662024, 1784328]"
1779,486801,"[456330, 486423]"
1780,456645,"[1892520, 457842]"
1781,483147,"[434196, 468846]"
1782,472332,"[454650, 480900]"
1783,482370,"[480900, 464919]"
1784,1527561,"[748608, 1776516]"
1785,1778133,"[473571, 447909]"
1786,469623,"[487557, 435078]"
1787,474327,"[455889, 475503]"
1788,480963,"[485730, 474537]"
1789,494634,"[485121, 480963]"
1790,1892268,"[485121, 480963]"
1791,495159,"[489930, 461811]"
1792,462630,"[470883, 1785294]"
1793,471429,"[461601, 463554]"
1794,468111,"[442764, 473151]"
1795,1787667,"[449946, 479052]"
1796,488649,"[467691, 491316]"
1797,491316,"[471849, 476994]"
1798,1780695,"[469392, 486465]"
1799,469434,"[476910, 489342]"
1800,486927,"[1734243, 470022]"
1801,472752,"[471828, 1785798]"
1802,472353,"[752010, 1784748]"
1803,473760,"[476637, 476070]"
1804,474285,"[482034, 1765050]"
1805,481593,"[462651, 1789179]"
1806,1783299,"[481593, 473529]"
1807,485709,"[442890, 482349]"
1808,482685,"[1011864, 443562]"
1809,486339,"[487242, 440559]"
1810,484470,"[1733907, 440349]"
1811,475860,"[460572, 486654]"
1812,476175,"[469497, 488754]"
1813,1783467,"[482202, 482853]"
1814,476931,"[482832, 1771875]"
1815,491190,"[458304, 470778]"
1816,483567,"[480186, 478821]"
1817,484890,"[485016, 493269]"
1818,494109,"[1788192, 494949]"
1819,433881,"[474705, 469917]"
1820,3150,"[453096, 433881]"
1821,453096,"[476196, 480837]"
1822,1528779,"[1734873, 479514]"
1823,467271,"[473613, 1771875]"
1824,438228,"[484869, 432936]"
1825,468909,"[491904, 1785672]"
1826,340578,"[477708, 471807]"
1827,435981,"[982296, 486612]"
1828,340998,"[466368, 1778532]"
1829,452823,"[316176, 1774920]"
1830,463701,"[476196, 465318]"
1831,469980,"[1765050, 1784811]"
1832,473172,"[474033, 452823]"
1833,473424,"[481089, 451206]"
1834,468762,"[487305, 449778]"
1835,439551,"[434154, 468237]"
1836,466851,"[1785672, 1776180]"
1837,449547,"[1784328, 454251]"
1838,464709,"[460593, 476658]"
1839,445074,"[488922, 435267]"
1840,435435,"[468300, 1893381]"
1841,456624,"[488523, 481110]"
1842,436863,"[439194, 993510]"
1843,437787,"[472017, 482769]"
1844,441000,"[1783866, 433755]"
1845,443016,"[474789, 442764]"
1846,473151,"[442764, 468111]"
1847,1789494,"[463092, 1770573]"
1848,485184,"[457863, 1781388]"
1849,491988,"[444234, 479157]"
1850,1496670,"[471954, 1470147]"
1851,483651,"[1787751, 444465]"
1852,445221,"[446460, 459879]"
1853,445326,"[487242, 470631]"
1854,452487,"[1777251, 459501]"
1855,466662,"[455784, 436380]"
1856,447153,"[490728, 490833]"
1857,490833,"[490728, 447153]"
1858,476511,"[477288, 447867]"
1859,448434,"[473025, 457863]"
1860,1787436,"[476952, 449043]"
1861,450219,"[451059, 465654]"
1862,476028,"[477162, 444276]"
1863,450387,"[468321, 457821]"
1864,454818,"[472521, 476637]"
1865,840336,"[454818, 468678]"
1866,752493,"[452676, 467880]"
1867,453201,"[486864, 474096]"
1868,1769229,"[486864, 453201]"
1869,1777860,"[454650, 458829]"
1870,481173,"[463680, 487788]"
1871,455847,"[467208, 435393]"
1872,1519371,"[1734600, 436086]"
1873,490119,"[1764672, 435393]"
1874,465885,"[471345, 435834]"
1875,487515,"[488544, 456393]"
1876,459270,"[476154, 480732]"
1877,479451,"[462483, 468174]"
1878,460467,"[433965, 468909]"
1879,467754,"[478800, 463365]"
1880,491946,"[458472, 495243]"
1881,494382,"[490665, 1496859]"
1882,464730,"[441315, 477540]"
1883,465570,"[489531, 473571]"
1884,465696,"[1774689, 469875]"
1885,754089,"[486675, 1764252]"
1886,1470126,"[476196, 465318]"
1887,466431,"[462609, 755244]"
1888,475503,"[455889, 474327]"
1889,481131,"[467250, 475503]"
1890,1894158,"[477729, 493794]"
1891,469077,"[1775235, 479892]"
1892,1890336,"[473634, 488964]"
1893,475251,"[435099, 340599]"
1894,1529178,"[468447, 480879]"
1895,1781199,"[434385, 471597]"
1896,487599,"[473508, 490245]"
1897,487032,"[460194, 482790]"
1898,473844,"[478275, 474957]"
1899,487494,"[442344, 469455]"
1900,494844,"[443268, 469308]"
1901,476154,"[480732, 459270]"
1902,476448,"[489195, 477183]"
1903,1892499,"[482643, 1789851]"
1904,495138,"[489447, 1787079]"
1905,1783824,"[1894200, 460068]"
1906,488691,"[465024, 1010436]"
1907,1788654,"[1894200, 487473]"
1908,490686,"[1894242, 472101]"
1909,1894242,"[461601, 453138]"
1910,1774962,"[316218, 475188]"
1911,339276,"[464856, 446439]"
1912,464856,"[482013, 477183]"
1913,456750,"[1785672, 473130]"
1914,340347,"[467628, 490119]"
1915,489657,"[491232, 340935]"
1916,787059,"[482643, 1734243]"
1917,447804,"[435204, 459942]"
1918,491022,"[485520, 477288]"
1919,1779624,"[435204, 459942]"
1920,1893423,"[435204, 495243]"
1921,451689,"[477771, 1785357]"
1922,783867,"[436128, 1765617]"
1923,436044,"[471597, 451374]"
1924,438774,"[478800, 467859]"
1925,467502,"[998886, 461454]"
1926,486759,"[442218, 486948]"
1927,443289,"[1787226, 479955]"
1928,485499,"[443646, 489510]"
1929,443583,"[1662024, 481404]"
1930,479304,"[473634, 444612]"
1931,1770573,"[463092, 1789494]"
1932,450408,"[471576, 1893633]"
1933,446523,"[450408, 1893633]"
1934,446670,"[1783152, 441903]"
1935,475398,"[479136, 474201]"
1936,1787625,"[1776516, 446670]"
1937,481908,"[450891, 471597]"
1938,485730,"[480963, 474537]"
1939,449568,"[467355, 477036]"
1940,468006,"[449568, 999411]"
1941,451101,"[440076, 465549]"
1942,451920,"[744891, 494214]"
1943,490035,"[456834, 452004]"
1944,469539,"[491967, 474642]"
1945,452214,"[490161, 469539]"
1946,484932,"[451059, 476532]"
1947,1783446,"[445410, 482160]"
1948,453306,"[484617, 484764]"
1949,755370,"[982296, 1893675]"
1950,469056,"[463617, 478212]"
1951,455889,"[474327, 475503]"
1952,467397,"[458115, 1775949]"
1953,476238,"[487074, 478191]"
1954,456876,"[481257, 481278]"
1955,477561,"[471744, 458304]"
1956,458115,"[467397, 1775949]"
1957,459228,"[479010, 1778532]"
1958,485142,"[459522, 459669]"
1959,1788633,"[459564, 466494]"
1960,491652,"[462777, 477078]"
1961,464037,"[475944, 489027]"
1962,925932,"[487368, 460005]"
1963,492198,"[966000, 475104]"
1964,480249,"[472269, 1789179]"
1965,491568,"[1765617, 465150]"
1966,492009,"[468321, 465402]"
1967,465906,"[491337, 475587]"
1968,468426,"[1665741, 999390]"
1969,472962,"[468426, 466410]"
1970,1787331,"[468426, 466410]"
1971,476910,"[445872, 1789515]"
1972,1893129,"[482748, 470085]"
1973,490308,"[465024, 446019]"
1974,496503,"[478464, 471009]"
1975,489069,"[481929, 481698]"
1976,1514688,"[449547, 449757]"
1977,1514730,"[1514688, 473886]"
1978,475314,"[459501, 1524558]"
1979,480858,"[468993, 494949]"
1980,479619,"[475986, 482349]"
1981,493794,"[493920, 475734]"
1982,479934,"[486192, 484638]"
1983,484638,"[484092, 489237]"
1984,1785525,"[434322, 444339]"
1985,455238,"[-1, 472605]"
1986,483105,"[1784937, 474159]"
1987,434007,"[1890273, 316176]"
1988,378147,"[481761, 451878]"
1989,484113,"[445368, 454818]"
1990,481929,"[481698, 489069]"
1991,448791,"[1787751, 435183]"
1992,477456,"[489762, 470883]"
1993,437199,"[455217, 1788570]"
1994,1786134,"[454293, 457590]"
1995,438963,"[482916, 450807]"
1996,440370,"[435078, 489783]"
1997,442155,"[1011864, 440412]"
1998,994749,"[462609, 444234]"
1999,488943,"[440832, 1776516]"
2000,1789284,"[1784328, 441693]"
2001,468447,"[1529178, 480879]"
2002,1529199,"[442974, 470022]"
2003,466158,"[478674, 443268]"
2004,478674,"[1894494, 443268]"
2005,1891071,"[1894494, 478674]"
2006,1787730,"[445578, 445452]"
2007,462903,"[479745, 490854]"
2008,490854,"[479745, 445998]"
2009,1890567,"[447909, 1785672]"
2010,449673,"[1786848, 463659]"
2011,463659,"[1786848, 449673]"
2012,450261,"[481089, 491358]"
2013,491358,"[481089, 450261]"
2014,454503,"[462609, 465843]"
2015,481719,"[471072, 455112]"
2016,1893948,"[1892730, 455175]"
2017,493437,"[474117, 435078]"
2018,463722,"[1775256, 478401]"
2019,473445,"[460068, 476574]"
2020,490287,"[490266, 461517]"
2021,490875,"[447594, 487620]"
2022,470694,"[487305, 464751]"
2023,490539,"[483105, 487179]"
2024,495831,"[474117, 468510]"
2025,786828,"[999411, 1771980]"
2026,493542,"[1893843, 474579]"
2027,492177,"[493710, 494214]"
2028,489888,"[982296, 488586]"
2029,489993,"[1771980, 494277]"
2030,2520,"[487200, 476070]"
2031,787311,"[489510, 340935]"
2032,357798,"[466137, 475881]"
2033,484008,"[433965, 464079]"
2034,478842,"[444675, 464814]"
2035,473361,"[443058, 434931]"
2036,481971,"[458010, 1784811]"
2037,784182,"[455784, 1786239]"
2038,485394,"[483273, 435267]"
2039,436821,"[478464, 471597]"
2040,438249,"[482244, 474663]"
2041,445179,"[1788570, 441693]"
2042,470316,"[488544, 473865]"
2043,442995,"[1776264, 467418]"
2044,1776264,"[462672, 489321]"
2045,460824,"[473571, 447909]"
2046,1787226,"[443289, 479955]"
2047,443331,"[477960, 459543]"
2048,445389,"[1784811, 486822]"
2049,496440,"[473991, 477645]"
2050,450366,"[465402, 486822]"
2051,489804,"[486402, 452004]"
2052,472437,"[475104, 460488]"
2053,484827,"[464226, 457611]"
2054,1788360,"[997584, 1777881]"
2055,458178,"[473634, 474915]"
2056,471618,"[461790, 476679]"
2057,471030,"[462504, 463449]"
2058,491778,"[489762, 466116]"
2059,481572,"[481089, 1772862]"
2060,473403,"[469560, 1784937]"
2061,1765050,"[1524306, 1784811]"
2062,491631,"[1764609, 477477]"
2063,1893066,"[1764672, 1789074]"
2064,481614,"[1784328, 481656]"
2065,489237,"[465738, 487116]"
2066,486045,"[486675, 489279]"
2067,493080,"[982296, 1894305]"
2068,493479,"[477120, 1771875]"
2069,440958,"[449043, 472269]"
2070,316260,"[1788570, 747558]"
2071,469224,"[479640, 470001]"
2072,433839,"[1789851, 482643]"
2073,442722,"[435267, 487326]"
2074,496860,"[435288, 487284]"
2075,481635,"[435834, 1778532]"
2076,436086,"[1734600, 1519371]"
2077,474222,"[437976, 1787079]"
2078,438207,"[445536, 455028]"
2079,472206,"[440643, 470631]"
2080,476427,"[440643, 470631]"
2081,494718,"[440643, 1788885]"
2082,1781640,"[473571, 447909]"
2083,441630,"[465381, 1782270]"
2084,482706,"[441861, 1732164]"
2085,447132,"[447867, 487221]"
2086,474138,"[458304, 1784937]"
2087,1667463,"[476196, 465318]"
2088,466242,"[445998, 444255]"
2089,994707,"[1529157, 451878]"
2090,1789515,"[445872, 476910]"
2091,1787163,"[454293, 457590]"
2092,446985,"[1775151, 1732122]"
2093,1775151,"[446985, 1732122]"
2094,458388,"[447888, 459690]"
2095,472311,"[447888, 459690]"
2096,1893717,"[447594, 478758]"
2097,492072,"[489195, 451374]"
2098,477771,"[451689, 1785357]"
2099,453894,"[1011948, 484428]"
2100,488628,"[469392, 456162]"
2101,483693,"[456351, 480711]"
2102,497595,"[477120, 1771875]"
2103,457947,"[470967, 476028]"
2104,476280,"[461811, 470967]"
2105,1786995,"[489552, 462609]"
2106,463092,"[1770573, 1789494]"
2107,478212,"[469056, 463617]"
2108,997878,"[473718, 494151]"
2109,486360,"[445137, 482475]"
2110,490056,"[982296, 488082]"
2111,470358,"[477246, 1892709]"
2112,451206,"[481089, 473424]"
2113,457569,"[489300, 316218]"
2114,433734,"[476763, 460803]"
2115,480396,"[435246, 476763]"
2116,449967,"[434952, 434931]"
2117,754341,"[434952, 1786281]"
2118,468804,"[454083, 1891806]"
2119,435897,"[473634, 1660323]"
2120,1660323,"[435897, 473634]"
2121,443772,"[441042, 436170]"
2122,448581,"[466452, 440181]"
2123,496083,"[487494, 442344]"
2124,442848,"[479073, 446166]"
2125,446166,"[442848, 479073]"
2126,787521,"[471849, 477834]"
2127,454062,"[462609, 444234]"
2128,455322,"[1732122, 444507]"
2129,445137,"[486360, 482475]"
2130,1891743,"[445452, 486318]"
2131,1781178,"[445872, 484617]"
2132,735021,"[489258, 445998]"
2133,480438,"[477792, 449085]"
2134,449757,"[1514688, 449547]"
2135,449715,"[1776516, 479724]"
2136,489720,"[474537, 450492]"
2137,450681,"[486780, 754131]"
2138,450786,"[1774689, 475734]"
2139,467796,"[482748, 451059]"
2140,451395,"[1527960, 479661]"
2141,1527960,"[451395, 479661]"
2142,470547,"[459669, 452151]"
2143,456225,"[475209, 1785294]"
2144,492492,"[474096, 457275]"
2145,747579,"[469392, 1785357]"
2146,457548,"[489468, 468846]"
2147,458850,"[486528, 999138]"
2148,999138,"[486528, 458850]"
2149,480732,"[476154, 459270]"
2150,1786155,"[1776516, 1784937]"
2151,493206,"[482160, 459921]"
2152,1787247,"[471114, 460278]"
2153,463302,"[982296, 471345]"
2154,487746,"[490434, 485163]"
2155,1789872,"[489762, 470883]"
2156,470295,"[1765617, 467166]"
2157,467481,"[491274, 493500]"
2158,493500,"[467481, 491274]"
2159,1890504,"[482328, 478821]"
2160,786387,"[479640, 470001]"
2161,491673,"[472416, 490455]"
2162,494466,"[472416, 491673]"
2163,473277,"[473865, 1787079]"
2164,493920,"[493794, 475734]"
2165,1892772,"[477603, 755181]"
2166,479346,"[486570, 1732164]"
2167,484974,"[486570, 1732164]"
2168,479808,"[487809, 479829]"
2169,1892163,"[480186, 484554]"
